TANK5(7041-6),LNH UNIT TRAIN1(7100)
TANK6(7041-7),LNH UNIT TRAIN1(7100)
LNH UNIT TRAIN1(7100),ISOMERIZATION UNIT(7200)
LNH UNIT TRAIN1(7100),AROMIZER CCR UNIT(7500)
LNH UNIT TRAIN1(7100),OCTANIZER CCR UNIT(7300)
LNH UNIT TRAIN1(7100),TANK8(7041-9)
HNH UNIT TRAIN2(7400/7700/7800),OCTANIZER CCR UNIT(7300)
HNH UNIT TRAIN2(7400/7700/7800),AROMIZER CCR UNIT(7500)
OCTANIZER CCR UNIT(7300),AROMATICS 1(7600/7610/7620/7630)
AROMIZER CCR UNIT(7500),AROMATICS 1(7600/7610/7620/7630)
OCTANIZER CCR UNIT(7300),ISOMERIZATION UNIT(7200)
ISOMERIZATION UNIT(7200),TANK3(7041-4)
AROMATICS 1(7600/7610/7620/7630),AROMATICS 2(7640/7650/7660)
OCTANIZER CCR UNIT(7300),TANK4(7041-5)
OCTANIZER CCR UNIT(7300),TANK10(7041-11)
OCTANIZER CCR UNIT(7300),TANK13(7041-14)
OCTANIZER CCR UNIT(7300),TANK12(7041-13)
TANK10(7041-11),AROMATICS 1(7600/7610/7620/7630)
AROMATICS 1(7600/7610/7620/7630),TANK13(7041-14)
TANK13(7041-14),AROMATICS 2(7640/7650/7660)
AROMATICS 1(7600/7610/7620/7630),TANK1(7041-1)
AROMATICS 1(7600/7610/7620/7630),TANK9(7041-10)
AROMATICS 1(7600/7610/7620/7630),TANK11(7041-12)
AROMATICS 2(7640/7650/7660),TANK14(7041-15)
AROMATICS 2(7640/7650/7660),TANK2(7041-3)
AROMATICS 2(7640/7650/7660),TANK11(7041-12)
AROMATICS 2(7640/7650/7660),TANK9(7041-10)
ISOMERIZATION UNIT(7200),EFFLUENT TREATMENT PLANT
OCTANIZER CCR UNIT(7300),EFFLUENT TREATMENT PLANT
AROMIZER CCR UNIT(7500),EFFLUENT TREATMENT PLANT
AROMATICS 1(7600/7610/7620/7630),EFFLUENT TREATMENT PLANT
UTILITY,EFFLUENT TREATMENT PLANT